,trail_id,name,trail_type,summary,difficulty,stars,starVotes,location,url,imgSqSmall,imgSmall,imgSmallMed,imgMedium,"length, miles","ascent, ft","descent, ft","high, ft","low, ft",latitude,longitude,conditionStatus,conditionDetails,conditionDate
0,7013161,Blue Hen Falls Trail,Recommended Route,An out-and-back trail that follows a creek between two waterfalls.,blue,4.2,27,"Peninsula, Ohio",https://www.hikingproject.com/trail/7013161/blue-hen-falls-trail,https://cdn2.apstatic.com/photos/hike/7010452_sqsmall_1554398524.jpg,https://cdn2.apstatic.com/photos/hike/7010452_small_1554398524.jpg,https://cdn2.apstatic.com/photos/hike/7010452_smallMed_1554398524.jpg,https://cdn2.apstatic.com/photos/hike/7010452_medium_1554398524.jpg,1.2,146,-147,879,732,41.257,-81.5726,All Clear,"Mostly Dry, Some Mud",2020-06-14 11:59:04
1,7017937,Brandywine Falls Loop,Recommended Route,Enjoy a scenic tour of the area surrounding one of Cuyahoga's top attractions.,greenBlue,4.4,48,"Boston Heights, Ohio",https://www.hikingproject.com/trail/7017937/brandywine-falls-loop,https://cdn2.apstatic.com/photos/hike/7018093_sqsmall_1554830303.jpg,https://cdn2.apstatic.com/photos/hike/7018093_small_1554830303.jpg,https://cdn2.apstatic.com/photos/hike/7018093_smallMed_1554830303.jpg,https://cdn2.apstatic.com/photos/hike/7018093_medium_1554830303.jpg,1.4,179,-180,857,695,41.2767,-81.54,All Clear,Dry,2020-06-16 09:38:21
2,7016992,Ledges to Pine Grove Loop,Recommended Route,See one of CVNP's most iconic trails plus a little-known loop.,blue,4.5,47,"Boston Heights, Ohio",https://www.hikingproject.com/trail/7016992/ledges-to-pine-grove-loop,https://cdn2.apstatic.com/photos/hike/7015930_sqsmall_1554827046.jpg,https://cdn2.apstatic.com/photos/hike/7015930_small_1554827046.jpg,https://cdn2.apstatic.com/photos/hike/7015930_smallMed_1554827046.jpg,https://cdn2.apstatic.com/photos/hike/7015930_medium_1554827046.jpg,4.0,230,-232,1054,881,41.224,-81.5106,All Clear,Dry,2020-06-15 11:43:05
3,7015894,Deer Lick Cave Loop Trail,Recommended Route,A wooded loop around the Brecksville Reservation that includes multiple creeks.,blue,4.1,20,"Brecksville, Ohio",https://www.hikingproject.com/trail/7015894/deer-lick-cave-loop-trail,https://cdn2.apstatic.com/photos/hike/7016916_sqsmall_1554828528.jpg,https://cdn2.apstatic.com/photos/hike/7016916_small_1554828528.jpg,https://cdn2.apstatic.com/photos/hike/7016916_smallMed_1554828528.jpg,https://cdn2.apstatic.com/photos/hike/7016916_medium_1554828528.jpg,3.7,480,-484,858,657,41.3054,-81.6092,Minor Issues,Fallen Trees - There was a major fallen tree on the trail that did require some climbing to get through,2020-06-15 15:05:26
4,7016574,Buckeye Trail - Cuyahoga Valley Section,Recommended Route,"The Buckeye Trail is a 1,444-mile loop that winds its way around Ohio, with 40 miles in CVNP.",blueBlack,4.2,14,"Bedford, Ohio",https://www.hikingproject.com/trail/7016574/buckeye-trail-cuyahoga-valley-section,https://cdn2.apstatic.com/photos/hike/7025181_sqsmall_1554911704.jpg,https://cdn2.apstatic.com/photos/hike/7025181_small_1554911704.jpg,https://cdn2.apstatic.com/photos/hike/7025181_smallMed_1554911704.jpg,https://cdn2.apstatic.com/photos/hike/7025181_medium_1554911704.jpg,39.1,2976,-3204,981,623,41.3803,-81.5341,Unknown,,1970-01-01 00:00:00
5,7016460,Blue Hen Falls Trail,Connector,,blue,0.0,0,"Peninsula, Ohio",https://www.hikingproject.com/trail/7016460/blue-hen-falls-trail,https://cdn2.apstatic.com/photos/hike/7010452_sqsmall_1554398524.jpg,https://cdn2.apstatic.com/photos/hike/7010452_small_1554398524.jpg,https://cdn2.apstatic.com/photos/hike/7010452_smallMed_1554398524.jpg,https://cdn2.apstatic.com/photos/hike/7010452_medium_1554398524.jpg,0.2,0,-77,891,815,41.2564,-81.5726,All Clear,"Mostly Dry, Some Mud",2020-06-14 11:59:04
6,7016778,Buckeye Trail: Boston to Pine Lane,Trail,"A challenging, hilly trail that stretches all the way around the state of Ohio.",blueBlack,3.8,6,"Peninsula, Ohio",https://www.hikingproject.com/trail/7016778/buckeye-trail-boston-to-pine-lane,https://cdn2.apstatic.com/photos/hike/7025181_sqsmall_1554911704.jpg,https://cdn2.apstatic.com/photos/hike/7025181_small_1554911704.jpg,https://cdn2.apstatic.com/photos/hike/7025181_smallMed_1554911704.jpg,https://cdn2.apstatic.com/photos/hike/7025181_medium_1554911704.jpg,15.7,896,-818,980,670,41.2614,-81.5568,All Clear,Dry,2020-06-14 14:47:28
7,7016501,Hines Hill Connector,Connector,,blue,0.0,0,"Peninsula, Ohio",https://www.hikingproject.com/trail/7016501/hines-hill-connector,,,,,0.3,0,-74,748,673,41.2671,-81.5561,Unknown,,1970-01-01 00:00:00
8,7016555,Tree Farm Trail,Trail,A great family-friendly trail with gently rolling hills and great views.,blue,4.4,8,"Peninsula, Ohio",https://www.hikingproject.com/trail/7016555/tree-farm-trail,https://cdn2.apstatic.com/photos/hike/7015929_sqsmall_1554827044.jpg,https://cdn2.apstatic.com/photos/hike/7015929_small_1554827044.jpg,https://cdn2.apstatic.com/photos/hike/7015929_smallMed_1554827044.jpg,https://cdn2.apstatic.com/photos/hike/7015929_medium_1554827044.jpg,2.9,134,-133,903,841,41.2336,-81.569,Bad / Closed,Muddy,2020-04-22 16:12:04
9,7016502,Horseshoe Pond Trail,Connector,,green,0.0,0,"Peninsula, Ohio",https://www.hikingproject.com/trail/7016502/horseshoe-pond-trail,,,,,0.1,6,-12,906,894,41.2335,-81.5693,Unknown,,1970-01-01 00:00:00
10,7016562,Wildlife Woods Connector,Connector,,blue,4.0,1,"Peninsula, Ohio",https://www.hikingproject.com/trail/7016562/wildlife-woods-connector,,,,,0.4,129,0,889,760,41.255,-81.5366,Unknown,,1970-01-01 00:00:00
11,7016479,Connector Trail - Stanford to Towpath,Connector,,green,0.0,0,"Peninsula, Ohio",https://www.hikingproject.com/trail/7016479/connector-trail-stanford-to-towpath,,,,,0.1,1,-5,663,658,41.2705,-81.557,Unknown,,1970-01-01 00:00:00
12,7016478,Connector,Connector,,black,0.0,0,"Peninsula, Ohio",https://www.hikingproject.com/trail/7016478/connector,,,,,0.0,0,-2,674,671,41.2704,-81.5564,Unknown,,1970-01-01 00:00:00
13,7016518,Peninsula Connector,Connector,,black,0.0,0,"Peninsula, Ohio",https://www.hikingproject.com/trail/7016518/peninsula-connector,,,,,0.0,0,0,685,684,41.2432,-81.5504,Unknown,,1970-01-01 00:00:00
14,7016517,Peninsula Connector,Connector,,green,0.0,0,"Peninsula, Ohio",https://www.hikingproject.com/trail/7016517/peninsula-connector,,,,,0.1,3,0,686,684,41.2429,-81.5504,All Clear,Dry,2020-06-14 14:47:28
15,7016551,Stanford Trail,Trail,"Hilly, unpaved trail with several very steep sections.",blueBlack,4.1,8,"Peninsula, Ohio",https://www.hikingproject.com/trail/7016551/stanford-trail,https://img.youtube.com/vi/bPDMn3XoXOo/hqdefault.jpg,https://img.youtube.com/vi/bPDMn3XoXOo/hqdefault.jpg,https://img.youtube.com/vi/bPDMn3XoXOo/hqdefault.jpg,https://img.youtube.com/vi/bPDMn3XoXOo/hqdefault.jpg,1.5,300,-117,854,670,41.2711,-81.5559,All Clear,Dry,2020-06-16 09:38:21
16,7016539,Quarry Trail Outer Loop,Connector,,greenBlue,4.0,1,"Peninsula, Ohio",https://www.hikingproject.com/trail/7016539/quarry-trail-outer-loop,,,,,0.2,28,-1,813,785,41.2359,-81.5524,Unknown,,1970-01-01 00:00:00
17,7016536,Quarry - Towpath Connector,Connector,,greenBlue,3.0,1,"Peninsula, Ohio",https://www.hikingproject.com/trail/7016536/quarry-towpath-connector,,,,,0.1,0,-25,736,710,41.2325,-81.5526,Unknown,,1970-01-01 00:00:00
18,7016552,Stanford Trail North Spur,Connector,,blue,0.0,0,"Boston Heights, Ohio",https://www.hikingproject.com/trail/7016552/stanford-trail-north-spur,,,,,0.4,0,-27,827,800,41.2737,-81.5476,Unknown,,1970-01-01 00:00:00
19,7016531,Plateau Connector,Connector,,greenBlue,4.0,1,"Peninsula, Ohio",https://www.hikingproject.com/trail/7016531/plateau-connector,,,,,0.2,17,-26,958,932,41.2239,-81.5706,Unknown,,1970-01-01 00:00:00
20,7016469,Buckeye/Towpath Connector,Trail,"A short, somewhat utilitarian connector trail.",green,2.0,1,"Peninsula, Ohio",https://www.hikingproject.com/trail/7016469/buckeyetowpath-connector,,,,,0.6,27,-3,669,642,41.2886,-81.5661,Unknown,,1970-01-01 00:00:00
21,7016537,Quarry Trail,Trail,A short trail paralleling the Buckeye Trail.,blue,3.2,5,"Peninsula, Ohio",https://www.hikingproject.com/trail/7016537/quarry-trail,,,,,0.7,83,-48,814,732,41.23,-81.554,Unknown,,1970-01-01 00:00:00
22,7016553,Stanford Trail Pond Spur,Connector,,blue,0.0,0,"Boston Heights, Ohio",https://www.hikingproject.com/trail/7016553/stanford-trail-pond-spur,,,,,0.0,0,-11,805,794,41.2755,-81.5486,Unknown,,1970-01-01 00:00:00
23,7016538,Quarry Trail Alt.,Connector,,blue,3.0,1,"Peninsula, Ohio",https://www.hikingproject.com/trail/7016538/quarry-trail-alt,,,,,0.1,33,-25,770,738,41.2312,-81.5522,Unknown,,1970-01-01 00:00:00
24,7016535,Quarry - Towpath Connector,Connector,,greenBlue,3.0,1,"Peninsula, Ohio",https://www.hikingproject.com/trail/7016535/quarry-towpath-connector,,,,,0.1,0,-14,724,710,41.2309,-81.5522,All Clear,Dry,2020-05-20 17:29:56
25,7016532,Plateau Connector Trail,Connector,,blue,4.0,1,"Peninsula, Ohio",https://www.hikingproject.com/trail/7016532/plateau-connector-trail,,,,,0.1,54,0,780,726,41.2246,-81.5581,Unknown,,1970-01-01 00:00:00
26,7016541,Red Lock Connector,Connector,,greenBlue,3.0,1,"Peninsula, Ohio",https://www.hikingproject.com/trail/7016541/red-lock-connector,,,,,0.1,0,0,647,646,41.2896,-81.5639,Unknown,,1970-01-01 00:00:00
27,7016489,East Rim Trail,Trail,Cuyahoga Valley National Park's first-ever mountain bike trail.,black,3.0,2,"Boston Heights, Ohio",https://www.hikingproject.com/trail/7016489/east-rim-trail,https://cdn2.apstatic.com/photos/hike/7015963_sqsmall_1554827093.jpg,https://cdn2.apstatic.com/photos/hike/7015963_small_1554827093.jpg,https://cdn2.apstatic.com/photos/hike/7015963_smallMed_1554827093.jpg,https://cdn2.apstatic.com/photos/hike/7015963_medium_1554827093.jpg,2.3,199,-200,963,805,41.2565,-81.5193,Minor Issues,,2020-04-01 14:30:37
28,7016504,Jaite Wayside Connector,Connector,,green,0.0,0,"Peninsula, Ohio",https://www.hikingproject.com/trail/7016504/jaite-wayside-connector,,,,,0.2,0,-13,658,645,41.2887,-81.572,Unknown,,1970-01-01 00:00:00
29,7016512,Oak Hill Trail,Trail,A beautiful shaded trail.,greenBlue,4.0,8,"Peninsula, Ohio",https://www.hikingproject.com/trail/7016512/oak-hill-trail,https://cdn2.apstatic.com/photos/hike/7015967_sqsmall_1554827105.jpg,https://cdn2.apstatic.com/photos/hike/7015967_small_1554827105.jpg,https://cdn2.apstatic.com/photos/hike/7015967_smallMed_1554827105.jpg,https://cdn2.apstatic.com/photos/hike/7015967_medium_1554827105.jpg,1.4,114,-109,978,914,41.2181,-81.5692,Minor Issues,Some Mud,2020-05-25 13:27:29
30,7050723,East Rim - Phase 2,Trail,Some of the best rolling trail around.,blue,3.0,2,"Boston Heights, Ohio",https://www.hikingproject.com/trail/7050723/east-rim-phase-2,,,,,4.4,416,-416,961,747,41.2591,-81.5211,Unknown,,1970-01-01 00:00:00
31,7016499,Hemlock Ravine Trail,Connector,,blue,4.0,1,"Peninsula, Ohio",https://www.hikingproject.com/trail/7016499/hemlock-ravine-trail,https://img.youtube.com/vi/QPmwPmNcFzc/hqdefault.jpg,https://img.youtube.com/vi/QPmwPmNcFzc/hqdefault.jpg,https://img.youtube.com/vi/QPmwPmNcFzc/hqdefault.jpg,https://img.youtube.com/vi/QPmwPmNcFzc/hqdefault.jpg,0.3,2,-71,912,843,41.2163,-81.5677,Unknown,,1970-01-01 00:00:00
32,7016495,H.S. Wagner Daffodil Trail,Trail,Needs Adoption,greenBlue,5.0,1,"Richfield, Ohio",https://www.hikingproject.com/trail/7016495/hs-wagner-daffodil-trail,,,,,0.6,50,-71,1100,1030,41.2536,-81.6187,Unknown,,1970-01-01 00:00:00
33,7015784,H.S. Wagner Daffodil Trail,Trail,Needs Adoption,green,0.0,0,"Richfield, Ohio",https://www.hikingproject.com/trail/7015784/hs-wagner-daffodil-trail,,,,,0.6,50,-73,1102,1029,41.2536,-81.6187,Unknown,,1970-01-01 00:00:00
34,7016388,Untitled Track 40,Trail,Needs Adoption,green,0.0,0,"Richfield, Ohio",https://www.hikingproject.com/trail/7016388/untitled-track-40,,,,,0.6,49,-70,1100,1030,41.2536,-81.6187,Unknown,,1970-01-01 00:00:00
35,7016533,Plateau Trail,Trail,Tree-lined trail with several stunning ponds nearby.,blue,4.3,21,"Peninsula, Ohio",https://www.hikingproject.com/trail/7016533/plateau-trail,https://img.youtube.com/vi/QPmwPmNcFzc/hqdefault.jpg,https://img.youtube.com/vi/QPmwPmNcFzc/hqdefault.jpg,https://img.youtube.com/vi/QPmwPmNcFzc/hqdefault.jpg,https://img.youtube.com/vi/QPmwPmNcFzc/hqdefault.jpg,4.6,368,-352,1016,783,41.2201,-81.5759,Minor Issues,Some Mud,2020-05-25 13:27:29
36,7016464,Brandywine Gorge Boardwalk,Connector,,blue,0.0,0,"Boston Heights, Ohio",https://www.hikingproject.com/trail/7016464/brandywine-gorge-boardwalk,https://cdn2.apstatic.com/photos/hike/7018093_sqsmall_1554830303.jpg,https://cdn2.apstatic.com/photos/hike/7018093_small_1554830303.jpg,https://cdn2.apstatic.com/photos/hike/7018093_smallMed_1554830303.jpg,https://cdn2.apstatic.com/photos/hike/7018093_medium_1554830303.jpg,0.2,5,-37,861,827,41.2767,-81.54,All Clear,Dry,2020-06-16 09:38:21
37,7016465,Brandywine Gorge Boardwalk N. Spur,Connector,,black,0.0,0,"Boston Heights, Ohio",https://www.hikingproject.com/trail/7016465/brandywine-gorge-boardwalk-n-spur,https://cdn2.apstatic.com/photos/hike/7018093_sqsmall_1554830303.jpg,https://cdn2.apstatic.com/photos/hike/7018093_small_1554830303.jpg,https://cdn2.apstatic.com/photos/hike/7018093_smallMed_1554830303.jpg,https://cdn2.apstatic.com/photos/hike/7018093_medium_1554830303.jpg,0.1,0,-48,835,786,41.2771,-81.5397,Unknown,,1970-01-01 00:00:00
38,7016510,Mow Path Connector,Connector,,green,0.0,0,"Peninsula, Ohio",https://www.hikingproject.com/trail/7016510/mow-path-connector,,,,,0.1,0,-1,1017,1016,41.2251,-81.5844,Unknown,,1970-01-01 00:00:00
39,7016494,Goosefeather Pond Fisherman's Path,Connector,,green,0.0,0,"Peninsula, Ohio",https://www.hikingproject.com/trail/7016494/goosefeather-pond-fishermans-path,,,,,0.3,6,-7,1023,1017,41.2238,-81.5829,Unknown,,1970-01-01 00:00:00
40,7016463,Brandywine Gorge,Trail,A 1.5-mile trek around the Brandywine Falls area.,blue,4.3,7,"Boston Heights, Ohio",https://www.hikingproject.com/trail/7016463/brandywine-gorge,https://cdn2.apstatic.com/photos/hike/7018093_sqsmall_1554830303.jpg,https://cdn2.apstatic.com/photos/hike/7018093_small_1554830303.jpg,https://cdn2.apstatic.com/photos/hike/7018093_smallMed_1554830303.jpg,https://cdn2.apstatic.com/photos/hike/7018093_medium_1554830303.jpg,0.9,66,-162,852,693,41.2767,-81.5384,All Clear,Dry,2020-06-16 09:38:21
41,7016462,Boy Scout Connector,Connector,,green,0.0,0,"Peninsula, Ohio",https://www.hikingproject.com/trail/7016462/boy-scout-connector,,,,,0.1,0,-6,738,732,41.2226,-81.5486,Unknown,,1970-01-01 00:00:00
42,7016491,Furnace Run - Covered Bridge Connector,Connector,,black,0.0,0,"Peninsula, Ohio",https://www.hikingproject.com/trail/7016491/furnace-run-covered-bridge-connector,https://img.youtube.com/vi/I5eAmnwiOyo/hqdefault.jpg,https://img.youtube.com/vi/I5eAmnwiOyo/hqdefault.jpg,https://img.youtube.com/vi/I5eAmnwiOyo/hqdefault.jpg,https://img.youtube.com/vi/I5eAmnwiOyo/hqdefault.jpg,0.1,2,-43,988,945,41.2115,-81.5797,Unknown,,1970-01-01 00:00:00
43,7017757,Old Carriage Trail Connector,Connector,,green,0.0,0,"Macedonia, Ohio",https://www.hikingproject.com/trail/7017757/old-carriage-trail-connector,,,,,0.2,0,-18,853,835,41.3017,-81.5589,All Clear,Mostly Dry,2020-04-18 14:02:35
44,7016549,Salt Run Trail Cutoff,Connector,,green,0.0,0,"Peninsula, Ohio",https://www.hikingproject.com/trail/7016549/salt-run-trail-cutoff,,,,,0.1,0,-29,857,828,41.2213,-81.5406,Unknown,,1970-01-01 00:00:00
45,7016515,Old Carriage Trail Side Loop,Connector,,green,0.0,0,"Brecksville, Ohio",https://www.hikingproject.com/trail/7016515/old-carriage-trail-side-loop,,,,,0.2,6,-3,798,792,41.3068,-81.5717,Unknown,,1970-01-01 00:00:00
46,7015797,Old Mill Trail,Trail,Needs Adoption,green,0.0,0,"Richfield, Ohio",https://www.hikingproject.com/trail/7015797/old-mill-trail,,,,,1.0,61,-62,1035,998,41.2605,-81.636,Unknown,,1970-01-01 00:00:00
47,7016492,Furnace Run Spur,Connector,,green,4.0,1,"Peninsula, Ohio",https://www.hikingproject.com/trail/7016492/furnace-run-spur,,,,,0.1,3,-12,787,775,41.2101,-81.5844,Unknown,,1970-01-01 00:00:00
48,7016507,Langes Run Trail,Trail,"Part of a system of stunning trails that welcome hikers, runners, and horses alike.",blueBlack,4.3,4,"Peninsula, Ohio",https://www.hikingproject.com/trail/7016507/langes-run-trail,,,,,3.5,394,-366,939,730,41.2123,-81.5454,Unknown,,1970-01-01 00:00:00
49,7016560,Wetmore Trail,Trail,"Hikers, runners, and equestrians who love challenge and a little isolation will thrive on this trail",blueBlack,4.0,17,"Peninsula, Ohio",https://www.hikingproject.com/trail/7016560/wetmore-trail,https://cdn2.apstatic.com/photos/hike/7015932_sqsmall_1554827052.jpg,https://cdn2.apstatic.com/photos/hike/7015932_small_1554827052.jpg,https://cdn2.apstatic.com/photos/hike/7015932_smallMed_1554827052.jpg,https://cdn2.apstatic.com/photos/hike/7015932_medium_1554827052.jpg,4.3,472,-585,973,743,41.2123,-81.5454,All Clear,"Dry, Some Mud, Fallen Trees",2020-06-16 18:21:40
50,7016480,Covered Bridge Trail,Trail,An extension of Furnace Run Trail.,blueBlack,3.8,4,"Peninsula, Ohio",https://www.hikingproject.com/trail/7016480/covered-bridge-trail,https://cdn2.apstatic.com/photos/hike/7061626_sqsmall_1565108903.jpg,https://cdn2.apstatic.com/photos/hike/7061626_small_1565108903.jpg,https://cdn2.apstatic.com/photos/hike/7061626_smallMed_1565108903.jpg,https://cdn2.apstatic.com/photos/hike/7061626_medium_1565108903.jpg,0.8,258,-9,998,749,41.2042,-81.5811,All Clear,"Dry, Some Mud",2020-05-03 15:14:15
51,7016470,Butlers Trail,Trail,A connector trimming some of the mileage from the Langes Run Trail.,green,2.0,1,"Peninsula, Ohio",https://www.hikingproject.com/trail/7016470/butlers-trail,,,,,0.6,1,-157,888,730,41.2101,-81.544,Unknown,,1970-01-01 00:00:00
52,7016493,Furnace Run Trail,Trail,A hidden gem with a steep climb.,blueBlack,4.5,10,"Peninsula, Ohio",https://www.hikingproject.com/trail/7016493/furnace-run-trail,https://img.youtube.com/vi/I5eAmnwiOyo/hqdefault.jpg,https://img.youtube.com/vi/I5eAmnwiOyo/hqdefault.jpg,https://img.youtube.com/vi/I5eAmnwiOyo/hqdefault.jpg,https://img.youtube.com/vi/I5eAmnwiOyo/hqdefault.jpg,1.3,223,-161,947,747,41.2042,-81.5832,All Clear,Some Mud,2020-05-02 13:07:43
53,7016542,Riding Run Trail,Trail,Lots of steep climbs and technical portionsâ€”and incredible views.,blueBlack,4.6,9,"Peninsula, Ohio",https://www.hikingproject.com/trail/7016542/riding-run-trail,https://cdn2.apstatic.com/photos/hike/7061631_sqsmall_1565109221.jpg,https://cdn2.apstatic.com/photos/hike/7061631_small_1565109221.jpg,https://cdn2.apstatic.com/photos/hike/7061631_smallMed_1565109221.jpg,https://cdn2.apstatic.com/photos/hike/7061631_medium_1565109221.jpg,3.2,422,-383,1013,749,41.204,-81.5838,All Clear,"Dry, Some Mud",2020-05-03 15:14:15
54,7016520,Perkins Trail,Trail,"A hilly, technical trek through a quiet, scenic area of the park.",black,4.5,11,"Peninsula, Ohio",https://www.hikingproject.com/trail/7016520/perkins-trail,https://cdn2.apstatic.com/photos/hike/7015972_sqsmall_1554827118.jpg,https://cdn2.apstatic.com/photos/hike/7015972_small_1554827118.jpg,https://cdn2.apstatic.com/photos/hike/7015972_smallMed_1554827118.jpg,https://cdn2.apstatic.com/photos/hike/7015972_medium_1554827118.jpg,2.6,427,-291,1023,748,41.2038,-81.5845,Unknown,,1970-01-01 00:00:00
55,7015768,Buttonwood Trail,Trail,Needs Adoption,green,0.0,0,"Richfield, Ohio",https://www.hikingproject.com/trail/7015768/buttonwood-trail,,,,,0.9,18,-53,1038,991,41.267,-81.6376,Unknown,,1970-01-01 00:00:00
56,7016548,Salt Run Trail,Trail,"A hilly, beautiful trail.",blueBlack,4.5,28,"Peninsula, Ohio",https://www.hikingproject.com/trail/7016548/salt-run-trail,https://cdn2.apstatic.com/photos/hike/7015964_sqsmall_1554827097.jpg,https://cdn2.apstatic.com/photos/hike/7015964_small_1554827097.jpg,https://cdn2.apstatic.com/photos/hike/7015964_smallMed_1554827097.jpg,https://cdn2.apstatic.com/photos/hike/7015964_medium_1554827097.jpg,3.4,466,-474,905,716,41.2165,-81.5297,All Clear,"Dry, Some Mud",2020-06-12 17:37:21
57,7015812,Rock Creek Trail,Trail,"Easy, wide hiking path about one mile long, connects to another one-mile loop.",green,4.0,1,"Richfield, Ohio",https://www.hikingproject.com/trail/7015812/rock-creek-trail,,,,,1.3,48,-49,1057,1024,41.2685,-81.6376,Unknown,,1970-01-01 00:00:00
58,7016503,Howe Hale Connector Trail,Trail,An easy trail from Hunt House to Hale Farm.,blue,3.0,1,"Peninsula, Ohio",https://www.hikingproject.com/trail/7016503/howe-hale-connector-trail,,,,,1.1,103,-43,826,724,41.1935,-81.5743,Unknown,,1970-01-01 00:00:00
59,7016336,Rock Creek Cutoff Trail,Connector,,green,0.0,0,"Richfield, Ohio",https://www.hikingproject.com/trail/7016336/rock-creek-cutoff-trail,,,,,0.1,10,-6,1042,1032,41.2683,-81.6386,Unknown,,1970-01-01 00:00:00
60,7016461,Boston Run Trail,Trail,"Perfect for exploring the space around Happy Days Lodge, no matter your ability.",blue,3.2,9,"Boston Heights, Ohio",https://www.hikingproject.com/trail/7016461/boston-run-trail,https://cdn2.apstatic.com/photos/hike/7015032_sqsmall_1554825695.jpg,https://cdn2.apstatic.com/photos/hike/7015032_small_1554825695.jpg,https://cdn2.apstatic.com/photos/hike/7015032_smallMed_1554825695.jpg,https://cdn2.apstatic.com/photos/hike/7015032_medium_1554825695.jpg,3.2,284,-270,979,885,41.232,-81.5071,Minor Issues,Muddy,2020-03-24 14:53:45
61,7016490,Forest Point Trail,Trail,A family-friendly trail and picnicking area near the Ledges.,green,4.0,1,"Boston Heights, Ohio",https://www.hikingproject.com/trail/7016490/forest-point-trail,https://cdn2.apstatic.com/photos/hike/7048904_sqsmall_1555540225.jpg,https://cdn2.apstatic.com/photos/hike/7048904_small_1555540225.jpg,https://cdn2.apstatic.com/photos/hike/7048904_smallMed_1555540225.jpg,https://cdn2.apstatic.com/photos/hike/7048904_medium_1555540225.jpg,0.6,13,-32,928,896,41.226,-81.5149,Minor Issues,"Muddy, Fallen Trees",2020-03-23 14:27:18
62,7017462,Virginia Kendall Connector,Connector,,green,2.0,1,"Peninsula, Ohio",https://www.hikingproject.com/trail/7017462/virginia-kendall-connector,,,,,0.4,14,0,914,900,41.2137,-81.531,Unknown,,1970-01-01 00:00:00
63,7015895,Lake Trail,Trail,"Short loop around Kendall Lake which features lake edge, marshland and woods.",blue,4.0,10,"Peninsula, Ohio",https://www.hikingproject.com/trail/7015895/lake-trail,https://cdn2.apstatic.com/photos/hike/7013714_sqsmall_1554823004.jpg,https://cdn2.apstatic.com/photos/hike/7013714_small_1554823004.jpg,https://cdn2.apstatic.com/photos/hike/7013714_smallMed_1554823004.jpg,https://cdn2.apstatic.com/photos/hike/7013714_medium_1554823004.jpg,1.1,58,-58,856,812,41.2187,-81.5239,All Clear,"Dry, Some Mud",2020-06-12 17:37:21
64,7016497,Haskell Run Trail,Trail,"Perfect for exploring the space around Happy Days Lodge, no matter your ability.",blue,3.0,3,"Boston Heights, Ohio",https://www.hikingproject.com/trail/7016497/haskell-run-trail,https://cdn2.apstatic.com/photos/hike/7014529_sqsmall_1554824446.jpg,https://cdn2.apstatic.com/photos/hike/7014529_small_1554824446.jpg,https://cdn2.apstatic.com/photos/hike/7014529_smallMed_1554824446.jpg,https://cdn2.apstatic.com/photos/hike/7014529_medium_1554824446.jpg,0.6,84,-80,939,861,41.23,-81.5088,All Clear,Muddy - Just a little wet from recent rains but otherwise a lovely trail.,2020-04-10 21:06:39
65,7016996,Connector Trail,Connector,,greenBlue,0.0,0,"Boston Heights, Ohio",https://www.hikingproject.com/trail/7016996/connector-trail,https://cdn2.apstatic.com/photos/hike/7015941_sqsmall_1554827068.jpg,https://cdn2.apstatic.com/photos/hike/7015941_small_1554827068.jpg,https://cdn2.apstatic.com/photos/hike/7015941_smallMed_1554827068.jpg,https://cdn2.apstatic.com/photos/hike/7015941_medium_1554827068.jpg,0.4,9,-42,959,922,41.2262,-81.5136,All Clear,Dry,2020-06-15 11:43:04
66,7015789,Ledges Trail,Trail,One of CVNP's most iconic trails through magnificent sandstone cliffs.,blueBlack,4.6,36,"Boston Heights, Ohio",https://www.hikingproject.com/trail/7015789/ledges-trail,https://cdn2.apstatic.com/photos/hike/7015930_sqsmall_1554827046.jpg,https://cdn2.apstatic.com/photos/hike/7015930_small_1554827046.jpg,https://cdn2.apstatic.com/photos/hike/7015930_smallMed_1554827046.jpg,https://cdn2.apstatic.com/photos/hike/7015930_medium_1554827046.jpg,1.7,120,-121,1045,944,41.2262,-81.5135,All Clear,Dry,2020-06-15 11:43:05
67,7016505,Kendall Lake/Pine Grove Connector,Connector,,blue,0.0,0,"Peninsula, Ohio",https://www.hikingproject.com/trail/7016505/kendall-lakepine-grove-connector,https://cdn2.apstatic.com/photos/hike/7013713_sqsmall_1554823001.jpg,https://cdn2.apstatic.com/photos/hike/7013713_small_1554823001.jpg,https://cdn2.apstatic.com/photos/hike/7013713_smallMed_1554823001.jpg,https://cdn2.apstatic.com/photos/hike/7013713_medium_1554823001.jpg,0.4,23,-106,911,820,41.2207,-81.5196,Unknown,,1970-01-01 00:00:00
68,7016559,Virginia Kendall Connector Loop,Connector,,black,4.0,1,"Peninsula, Ohio",https://www.hikingproject.com/trail/7016559/virginia-kendall-connector-loop,https://cdn2.apstatic.com/photos/hike/7013714_sqsmall_1554823004.jpg,https://cdn2.apstatic.com/photos/hike/7013714_small_1554823004.jpg,https://cdn2.apstatic.com/photos/hike/7013714_smallMed_1554823004.jpg,https://cdn2.apstatic.com/photos/hike/7013714_medium_1554823004.jpg,0.7,95,-37,897,831,41.2144,-81.5278,Unknown,,1970-01-01 00:00:00
69,7016482,Cross Country Trail Spur,Connector,,blue,3.0,1,"Peninsula, Ohio",https://www.hikingproject.com/trail/7016482/cross-country-trail-spur,,,,,0.1,17,-2,845,828,41.2168,-81.5242,Unknown,,1970-01-01 00:00:00
70,7016481,Cross Country Trail,Trail,"Woods, fields, streams, hills, and more make up this beautiful trail.",blue,4.0,4,"Peninsula, Ohio",https://www.hikingproject.com/trail/7016481/cross-country-trail,https://cdn2.apstatic.com/photos/hike/7015973_sqsmall_1554827121.jpg,https://cdn2.apstatic.com/photos/hike/7015973_small_1554827121.jpg,https://cdn2.apstatic.com/photos/hike/7015973_smallMed_1554827121.jpg,https://cdn2.apstatic.com/photos/hike/7015973_medium_1554827121.jpg,2.4,228,-224,976,819,41.2154,-81.5259,All Clear,Dry - very pleasant loop,2020-06-13 10:09:27
71,7016521,Pine Grove Trail,Trail,A family-friendly trail leading through towering trees.,blue,4.0,6,"Boston Heights, Ohio",https://www.hikingproject.com/trail/7016521/pine-grove-trail,https://cdn2.apstatic.com/photos/hike/7015971_sqsmall_1554827115.jpg,https://cdn2.apstatic.com/photos/hike/7015971_small_1554827115.jpg,https://cdn2.apstatic.com/photos/hike/7015971_smallMed_1554827115.jpg,https://cdn2.apstatic.com/photos/hike/7015971_medium_1554827115.jpg,1.4,57,-55,927,881,41.2215,-81.5166,All Clear,"Dry, Some Mud, Fallen Trees",2020-06-16 18:21:40
72,7016508,Ledges Trail,Connector,,black,0.0,0,"Boston Heights, Ohio",https://www.hikingproject.com/trail/7016508/ledges-trail,https://cdn2.apstatic.com/photos/hike/7040948_sqsmall_1555103270.jpg,https://cdn2.apstatic.com/photos/hike/7040948_small_1555103270.jpg,https://cdn2.apstatic.com/photos/hike/7040948_smallMed_1555103270.jpg,https://cdn2.apstatic.com/photos/hike/7040948_medium_1555103270.jpg,0.0,0,-1,970,969,41.2265,-81.5085,All Clear,Dry,2020-06-15 11:43:05
73,7016556,Valley Bridle Trail,Trail,Horses and pedestrians are both welcome on this scenic trail.,blue,4.0,1,"Brecksville, Ohio",https://www.hikingproject.com/trail/7016556/valley-bridle-trail,,,,,6.3,283,-495,880,634,41.298,-81.6068,Minor Issues,Muddy - Quite a few large muddy patches after some localized rains.,2020-04-28 22:09:38
74,7016557,Valley Trail,Trail,A 12-mile horse-friendly trail that welcomes runners and hikers and provides a good challenge.,black,4.5,2,"Richfield, Ohio",https://www.hikingproject.com/trail/7016557/valley-trail,https://cdn2.apstatic.com/photos/hike/7038886_sqsmall_1555089883.jpg,https://cdn2.apstatic.com/photos/hike/7038886_small_1555089883.jpg,https://cdn2.apstatic.com/photos/hike/7038886_smallMed_1555089883.jpg,https://cdn2.apstatic.com/photos/hike/7038886_medium_1555089883.jpg,11.9,920,-1106,1020,694,41.2038,-81.5981,Unknown,,1970-01-01 00:00:00
75,7016519,Perkins Cutoff Trail,Connector,,blue,3.0,1,"Richfield, Ohio",https://www.hikingproject.com/trail/7016519/perkins-cutoff-trail,,,,,0.1,0,-53,966,913,41.2008,-81.5964,Unknown,,1970-01-01 00:00:00
76,7016488,Dickerson Run Trail,Trail,"A short alternate route, branching off of the southern portion of the Wetmore Trail.",blue,3.0,1,"Peninsula, Ohio",https://www.hikingproject.com/trail/7016488/dickerson-run-trail,,,,,1.2,30,-204,932,757,41.2052,-81.5316,Bad / Closed,"Closed until further notice, per the CVNP Ranger Office. ",2020-03-29 10:48:21
77,7016558,Virginia Kendall Connector,Connector,,blue,3.0,2,"Peninsula, Ohio",https://www.hikingproject.com/trail/7016558/virginia-kendall-connector,,,,,0.6,56,-33,938,882,41.2091,-81.5263,Unknown,,1970-01-01 00:00:00
78,7016995,Connector Trail,Connector,,greenBlue,0.0,0,"Boston Heights, Ohio",https://www.hikingproject.com/trail/7016995/connector-trail,,,,,0.3,0,-41,966,925,41.2194,-81.5118,All Clear,Dry,2020-06-15 11:43:05
79,7016475,Campground Connector Side Loop,Connector,,green,0.0,0,"Peninsula, Ohio",https://www.hikingproject.com/trail/7016475/campground-connector-side-loop,,,,,0.1,0,-4,753,749,41.1919,-81.5869,Unknown,,1970-01-01 00:00:00
80,7016529,Pinery Narrows (Seg. 8),Connector,,green,0.0,0,"Brecksville, Ohio",https://www.hikingproject.com/trail/7016529/pinery-narrows-seg-8,,,,,0.1,2,-3,639,636,41.32,-81.586,Unknown,,1970-01-01 00:00:00
81,7016473,Campground Connector,Connector,,green,0.0,0,"Peninsula, Ohio",https://www.hikingproject.com/trail/7016473/campground-connector,,,,,0.1,0,-19,757,738,41.1902,-81.587,Unknown,,1970-01-01 00:00:00
82,7016530,Pinery Narrows (Seg. 9),Connector,,green,0.0,0,"Brecksville, Ohio",https://www.hikingproject.com/trail/7016530/pinery-narrows-seg-9,,,,,0.2,7,-3,643,636,41.3187,-81.5879,Unknown,,1970-01-01 00:00:00
83,7016554,Tabletop Trail,Trail,"A short, new trail, recently rebuilt after 10+ years of closure.",blue,4.0,1,"Peninsula, Ohio",https://www.hikingproject.com/trail/7016554/tabletop-trail,https://cdn2.apstatic.com/photos/hike/7015966_sqsmall_1554827102.jpg,https://cdn2.apstatic.com/photos/hike/7015966_small_1554827102.jpg,https://cdn2.apstatic.com/photos/hike/7015966_smallMed_1554827102.jpg,https://cdn2.apstatic.com/photos/hike/7015966_medium_1554827102.jpg,0.7,88,-78,932,846,41.2056,-81.5257,Unknown,,1970-01-01 00:00:00
84,7016474,Campground Connector,Connector,,green,0.0,0,"Peninsula, Ohio",https://www.hikingproject.com/trail/7016474/campground-connector,,,,,0.5,1,-75,823,748,41.1916,-81.5899,Bad / Closed,Some Mud,2020-06-10 19:08:52
85,7016546,Salamander Buckeye Connector,Connector,,green,0.0,0,"Brecksville, Ohio",https://www.hikingproject.com/trail/7016546/salamander-buckeye-connector,,,,,0.1,2,-12,797,785,41.3106,-81.6026,Unknown,,1970-01-01 00:00:00
86,7016511,My Mountain Scenic Overlook,Connector,,green,0.0,0,"Brecksville, Ohio",https://www.hikingproject.com/trail/7016511/my-mountain-scenic-overlook,,,,,0.1,7,-5,769,762,41.3154,-81.5967,Unknown,,1970-01-01 00:00:00
87,7016528,Pinery Narrows (Seg. 7),Connector,,green,0.0,0,"Brecksville, Ohio",https://www.hikingproject.com/trail/7016528/pinery-narrows-seg-7,https://cdn2.apstatic.com/photos/hike/7019130_sqsmall_1554836500.jpg,https://cdn2.apstatic.com/photos/hike/7019130_small_1554836500.jpg,https://cdn2.apstatic.com/photos/hike/7019130_smallMed_1554836500.jpg,https://cdn2.apstatic.com/photos/hike/7019130_medium_1554836500.jpg,0.2,10,0,635,625,41.3231,-81.5866,Unknown,,1970-01-01 00:00:00
88,7016485,Deer Lick-Buckeye Connector,Connector,,black,0.0,0,"Brecksville, Ohio",https://www.hikingproject.com/trail/7016485/deer-lick-buckeye-connector,,,,,0.0,2,0,662,660,41.3159,-81.601,Unknown,,1970-01-01 00:00:00
89,7016527,Pinery Narrows (Seg. 6),Connector,,green,0.0,0,"Brecksville, Ohio",https://www.hikingproject.com/trail/7016527/pinery-narrows-seg-6,,,,,0.3,3,-4,630,626,41.3305,-81.5903,Unknown,,1970-01-01 00:00:00
90,7016468,Buckeye Sports Connector,Connector,,green,0.0,0,"Boston Heights, Ohio",https://www.hikingproject.com/trail/7016468/buckeye-sports-connector,,,,,0.6,17,-26,1000,977,41.203,-81.5086,Unknown,,1970-01-01 00:00:00
91,7016526,Pinery Narrows (Seg. 5),Connector,,green,0.0,0,"Brecksville, Ohio",https://www.hikingproject.com/trail/7016526/pinery-narrows-seg-5,,,,,0.3,8,-3,630,622,41.3354,-81.5879,Unknown,,1970-01-01 00:00:00
92,7016476,Chippewa Creek Trail,Trail,"A short, pleasant, side trail branching off from the Hemlock-Chippewa Trail.",greenBlue,4.0,2,"Brecksville, Ohio",https://www.hikingproject.com/trail/7016476/chippewa-creek-trail,,,,,1.0,5,-33,679,647,41.32,-81.6087,Unknown,,1970-01-01 00:00:00
93,7016483,Deer Lick,Trail,A short spur adding interest to a longer loop,blueBlack,3.0,2,"Brecksville, Ohio",https://www.hikingproject.com/trail/7016483/deer-lick,https://cdn2.apstatic.com/photos/hike/7016915_sqsmall_1554828525.jpg,https://cdn2.apstatic.com/photos/hike/7016915_small_1554828525.jpg,https://cdn2.apstatic.com/photos/hike/7016915_smallMed_1554828525.jpg,https://cdn2.apstatic.com/photos/hike/7016915_medium_1554828525.jpg,0.4,40,-42,861,821,41.3167,-81.6156,Minor Issues,Muddy - Quite a few large muddy patches after some localized rains.,2020-04-28 22:09:38
94,7016456,Adam Run Trail,Trail,Multiple stream crossings and a quality uphill climb make this trail a must visit.,blue,4.8,9,"Peninsula, Ohio",https://www.hikingproject.com/trail/7016456/adam-run-trail,https://img.youtube.com/vi/Rt9vghC6vOE/hqdefault.jpg,https://img.youtube.com/vi/Rt9vghC6vOE/hqdefault.jpg,https://img.youtube.com/vi/Rt9vghC6vOE/hqdefault.jpg,https://img.youtube.com/vi/Rt9vghC6vOE/hqdefault.jpg,3.1,295,-287,997,752,41.1691,-81.55,All Clear,Mostly Dry,2020-06-17 17:38:38
95,7016513,Ohio & Erie Canal Towpath Trail,Trail,An iconic trail along the Ohio & Erie Canalway. The backbone of CVNP.,greenBlue,4.3,9,"Montrose-Ghent, Ohio",https://www.hikingproject.com/trail/7016513/ohio-erie-canal-towpath-trail,https://cdn2.apstatic.com/photos/hike/7025181_sqsmall_1554911704.jpg,https://cdn2.apstatic.com/photos/hike/7025181_small_1554911704.jpg,https://cdn2.apstatic.com/photos/hike/7025181_smallMed_1554911704.jpg,https://cdn2.apstatic.com/photos/hike/7025181_medium_1554911704.jpg,20.6,109,-248,753,605,41.1584,-81.5735,All Clear,Mostly Dry,2020-05-19 13:38:49
96,7016534,Prairie Loop,Connector,,green,0.0,0,"Brecksville, Ohio",https://www.hikingproject.com/trail/7016534/prairie-loop,,,,,0.4,17,-20,855,835,41.3194,-81.6159,All Clear,Dry,2020-05-31 16:17:58
97,7016487,Deer Run Trail,Connector,,blue,0.0,0,"Montrose-Ghent, Ohio",https://www.hikingproject.com/trail/7016487/deer-run-trail,,,,,0.5,29,-223,985,783,41.1697,-81.5888,All Clear,Some Mud - Really heavy rains yesterday but the trail is decently dry.,2020-05-16 09:25:42
98,7016496,Harriet L. Keeler Memorial,Connector,,green,0.0,0,"Brecksville, Ohio",https://www.hikingproject.com/trail/7016496/harriet-l-keeler-memorial,,,,,0.0,0,0,856,856,41.318,-81.619,Unknown,,1970-01-01 00:00:00
99,7016525,Pinery Narrows (Seg. 4),Connector,,green,0.0,0,"Walton Hills, Ohio",https://www.hikingproject.com/trail/7016525/pinery-narrows-seg-4,,,,,0.4,5,-5,625,620,41.3419,-81.5874,Unknown,,1970-01-01 00:00:00
100,7016458,Bike & Hike Trail,Trail,The Bike and Hike Trail is a nice paved trail that is relatively flat.,greenBlue,3.5,2,"Walton Hills, Ohio",https://www.hikingproject.com/trail/7016458/bike-hike-trail,https://cdn2.apstatic.com/photos/hike/7018093_sqsmall_1554830303.jpg,https://cdn2.apstatic.com/photos/hike/7018093_small_1554830303.jpg,https://cdn2.apstatic.com/photos/hike/7018093_smallMed_1554830303.jpg,https://cdn2.apstatic.com/photos/hike/7018093_medium_1554830303.jpg,33.2,799,-597,1118,841,41.3578,-81.5686,Unknown,,1970-01-01 00:00:00
101,7016500,Hemlock-Chippewa,Trail,"A shaded, rolling trail near Chippewa Creek.",greenBlue,3.5,2,"Brecksville, Ohio",https://www.hikingproject.com/trail/7016500/hemlock-chippewa,,,,,1.4,39,-207,845,657,41.3199,-81.6218,Unknown,,1970-01-01 00:00:00
102,7078471,North Fork Trail,Trail,Great little getaway provided by the Township of Bath.,blue,5.0,1,"Montrose-Ghent, Ohio",https://www.hikingproject.com/trail/7078471/north-fork-trail,,,,,1.4,37,-78,1043,991,41.187,-81.6554,Unknown,,1970-01-01 00:00:00
103,7016779,Buckeye Trail: Station Rd to Boston,Trail,"A challenging, hilly trail that stretches all the way around the state of Ohio.",blueBlack,3.7,3,"Bedford, Ohio",https://www.hikingproject.com/trail/7016779/buckeye-trail-station-rd-to-boston,https://cdn2.apstatic.com/photos/hike/7019130_sqsmall_1554836500.jpg,https://cdn2.apstatic.com/photos/hike/7019130_small_1554836500.jpg,https://cdn2.apstatic.com/photos/hike/7019130_smallMed_1554836500.jpg,https://cdn2.apstatic.com/photos/hike/7019130_medium_1554836500.jpg,23.2,1809,-2115,974,623,41.3803,-81.5341,Unknown,,1970-01-01 00:00:00
